"Task&Skill","tot","hit","acc"
"Overall","447","356","79.64205816554811"
"inductive","107","76","71.02803738317756"
"deductive","93","84","90.32258064516128"
"numerical","95","83","87.36842105263159"
"spatial","78","44","56.41025641025641"
"mechanical","74","69","93.24324324324324"
