"Task&Skill","tot","hit","acc"
"Overall","447","159","35.57046979865772"
"inductive","107","29","27.102803738317753"
"deductive","93","45","48.38709677419355"
"numerical","95","39","41.05263157894737"
"spatial","78","17","21.794871794871796"
"mechanical","74","29","39.189189189189186"
