"Task&Skill","tot","hit","acc"
"Overall","447","171","38.25503355704698"
"inductive","107","31","28.971962616822427"
"deductive","93","43","46.236559139784944"
"numerical","95","42","44.21052631578947"
"spatial","78","24","30.76923076923077"
"mechanical","74","31","41.891891891891895"
