"split","Overall","Chemistry","Coding","Math","Physics"
"none","0.2804878048780488","0.27040816326530615","0.2641843971631206","0.28699551569506726","0.3782051282051282"
