"Task&Skill","tot","hit","acc"
"Overall","447","177","39.59731543624161"
"inductive","107","26","24.299065420560748"
"deductive","93","52","55.91397849462365"
"numerical","95","37","38.94736842105263"
"spatial","78","22","28.205128205128204"
"mechanical","74","40","54.054054054054056"
