"Task&Skill","tot","hit","acc"
"Overall","447","292","65.32438478747203"
"inductive","107","53","49.532710280373834"
"deductive","93","74","79.56989247311827"
"numerical","95","70","73.68421052631578"
"spatial","78","31","39.743589743589745"
"mechanical","74","64","86.48648648648648"
