"Task&Skill","tot","hit","acc"
"Overall","447","209","46.75615212527964"
"inductive","107","37","34.57943925233645"
"deductive","93","55","59.13978494623656"
"numerical","95","57","60.0"
"spatial","78","18","23.076923076923077"
"mechanical","74","42","56.75675675675676"
