"Task&Skill","tot","hit","acc"
"Overall","447","354","79.19463087248322"
"inductive","107","67","62.616822429906534"
"deductive","93","86","92.47311827956989"
"numerical","95","93","97.89473684210527"
"spatial","78","41","52.56410256410257"
"mechanical","74","67","90.54054054054053"
