"Task&Skill","tot","hit","acc"
"Overall","447","351","78.52348993288591"
"inductive","107","70","65.42056074766354"
"deductive","93","80","86.02150537634408"
"numerical","95","90","94.73684210526315"
"spatial","78","40","51.28205128205128"
"mechanical","74","71","95.94594594594594"
