"split","Overall","ALL"
"val","0.885589519650655","0.885589519650655"
