,0-shot,1-shot,2-shot,4-shot,8-shot
Llama-3.2-11B-Vision-Instruct,,0.8388696083292018,0.850272682201289,0.8626673277144273,0.8720872583044125
Llama-3.2-11B-Vision-Instruct gt_rationale,,,,,
LLaVA-CoT,,0.8909271194843827,0.9048091224590976,0.8889439762022806,0.8760535448686168
LLaVA-CoT correct,,0.8934060485870104,0.908775409023302,0.8988596926127913,0.8780366881507189
LLaVA-CoT gt_rationale,,0.910758552305404,0.8963807635101636,0.9062964799206744,0.8879524045612296
LLaVA-CoT gt_rationale correct,,0.9013386217154188,0.9043133366385722,0.8943976202280615,0.8953891918691126
