,0-shot,1-shot,2-shot,4-shot,8-shot
Llama-3.2-11B-Vision-Instruct,0.4245038826574633,0.4275237273511648,0.4374460742018982,0.4257981018119068,0.4249352890422778
Llama-3.2-11B-Vision-Instruct gt_rationale,,,,,
LLaVA-CoT,,0.546160483175151,0.5362381363244176,0.5228645383951682,0.5099223468507333
LLaVA-CoT correct,,0.5418464193270061,0.540120793787748,0.5276100086281277,0.5181190681622088
LLaVA-CoT gt_rationale,,0.5388265746333045,0.5284728213977566,0.5224331320103538,0.5077653149266609
LLaVA-CoT gt_rationale correct,,0.5569456427955134,0.5483175150992234,0.5366695427092321,0.5250215703192407
