,0-shot,1-shot,2-shot,4-shot,8-shot
InternVL2_5-8B,0.874235807860262,0.8663755458515284,0.8593886462882097,0.8532751091703057,0.8471615720524017
InternVL2_5-8B gt_rationale,0.874235807860262,0.8698689956331878,0.8646288209606987,0.8611353711790393,0.8506550218340612
InternVL2_5-8B-MPO,,0.8524017467248908,0.8419213973799127,0.8314410480349345,0.759825327510917
InternVL2_5-8B-MPO correct,,0.8602620087336245,0.8410480349344979,0.8314410480349345,0.7554585152838428
InternVL2_5-8B-MPO gt_rationale,,0.856768558951965,0.840174672489083,0.8462882096069869,0.8314410480349345
InternVL2_5-8B-MPO gt_rationale correct,,0.8550218340611354,0.8427947598253275,0.8497816593886462,
