,0-shot,1-shot,2-shot,4-shot,8-shot
Qwen2.5-VL-3B-Instruct,,0.8477937530986613,0.8458106098165592,0.8443232523549826,0.8443232523549826
Qwen2.5-VL-3B-Instruct gt_rationale,,,,,
VLM-R1,,0.8210213187902826,82.05,82.0,82.1
VLM-R1 correct,,0.8289538919186912,0.841844323252355,0.8443232523549826,0.8358948934060486
VLM-R1 gt_rationale,,0.8220128904313336,0.8373822508676252,0.8453148239960337,0.826970748636589
VLM-R1 gt_rationale correct,,0.8200297471492315,0.835399107585523,0.8423401090728805,0.8249876053544869
