,0-shot,1-shot,2-shot,4-shot,8-shot
InternVL2_5-8B,0.874235807860262,0.868995633187773,0.8497816593886462,0.8576419213973799,0.8576419213973799
InternVL2_5-8B gt_rationale,0.874235807860262,0.868995633187773,0.8602620087336245,0.8593886462882097,0.8471615720524017
InternVL2_5-8B-MPO,,0.8550218340611354,0.8524017467248908,0.8489082969432314,0.8165938864628821
InternVL2_5-8B-MPO correct,,0.868122270742358,0.851528384279476,0.8323144104803494,0.8113537117903931
InternVL2_5-8B-MPO gt_rationale,,0.8593886462882097,0.856768558951965,0.851528384279476,0.8445414847161572
InternVL2_5-8B-MPO gt_rationale correct,,0.8655021834061135,0.8620087336244542,0.8541484716157205,0.8524017467248908
