,0-shot,1-shot,2-shot,4-shot,8-shot
Llama-3.2-11B-Vision-Instruct,,0.7834061135371179,0.7816593886462883,0.7956331877729258,0.8052401746724891
Llama-3.2-11B-Vision-Instruct gt_rationale,,,,,
LLaVA-CoT,,0.834061135371179,0.834061135371179,0.8227074235807861,0.8288209606986899
LLaVA-CoT correct,,0.8253275109170306,0.8358078602620087,0.8427947598253275,0.8262008733624454
LLaVA-CoT gt_rationale,,0.8436681222707424,0.8366812227074236,0.8296943231441049,0.8218340611353712
LLaVA-CoT gt_rationale correct,,0.8427947598253275,0.8375545851528384,0.8358078602620087,0.8262008733624454
