,0-shot,1-shot,2-shot,4-shot,8-shot
InternVL2_5-4B,,0.840174672489083,0.834061135371179,0.8323144104803494,0.8305676855895197
InternVL2_5-4B gt_rationale,,0.8471615720524017,0.8375545851528384,0.8358078602620087,0.8296943231441049
InternVL2_5-4B-MPO,,0.8052401746724891,0.8078602620087336,0.8323144104803494,0.8296943231441049
InternVL2_5-4B-MPO correct,,0.8026200873362446,0.8087336244541484,0.8288209606986899,0.8323144104803494
InternVL2_5-4B-MPO gt_rationale,,0.8384279475982532,0.8043668122270743,0.8034934497816594,0.8096069868995633
InternVL2_5-4B-MPO gt_rationale correct,,0.8393013100436681,0.8,0.8104803493449781,0.8104803493449781
