,0-shot,1-shot,2-shot,4-shot,8-shot
Qwen2.5-VL-7B-Instruct,0.8899355478433317,0.8671294000991572,0.8765493306891423,0.8656420426375806,0.8686167575607338
Qwen2.5-VL-7B-Instruct gt_rationale,,,,,
VL-Rethinker-7B,,0.90233019335647,0.90233019335647,0.9018344075359443,0.90233019335647
VL-Rethinker-7B correct,,,,,
VL-Rethinker-7B gt_rationale,,0.9013386217154188,0.8978681209717402,0.9048091224590976,0.9038175508180466
VL-Rethinker-7B gt_rationale correct,,,,,
