,0-shot,1-shot,2-shot,4-shot,8-shot
Qwen2.5-VL-7B-Instruct,0.885589519650655,0.8864628820960698,0.8786026200873363,0.8777292576419214,0.880349344978166
Qwen2.5-VL-7B-Instruct gt_rationale,,,,,
VL-Rethinker-7B,,0.8550218340611354,0.8497816593886462,0.8497816593886462,0.856768558951965
VL-Rethinker-7B correct,,,,,
VL-Rethinker-7B gt_rationale,,0.8585152838427947,0.8541484716157205,0.851528384279476,0.8602620087336245
VL-Rethinker-7B gt_rationale correct,,,,,
