,0-shot,1-shot,2-shot,4-shot,8-shot
InternVL2_5-8B,0.9806643529995042,0.961824491819534,0.9524045612295488,0.9509172037679724,0.9514129895884976
InternVL2_5-8B gt_rationale,0.9806643529995042,0.9781854238968766,0.9732275656916212,0.9712444224095192,0.963807635101636
InternVL2_5-8B-MPO,,,,,
InternVL2_5-8B-MPO correct,,,,,
InternVL2_5-8B-MPO gt_rationale,,0.968269707486366,0.9687654933068914,0.947942488844819,0.9062964799206744
InternVL2_5-8B-MPO gt_rationale correct,,,,,
