,0-shot,1-shot,2-shot,4-shot,8-shot
Qwen2.5-VL-3B-Instruct,0.5185504745470233,0.5237273511647972,0.5375323554788611,0.5552200172562554,0.5612597066436583
Qwen2.5-VL-3B-Instruct gt_rationale,,,,,
VLM-R1,,0.5556514236410699,0.5440034512510785,0.5565142364106989,0.5651423641069888
VLM-R1 correct,,0.5306298533218292,0.5371009490940466,0.5534943917169974,0.5422778257118205
VLM-R1 gt_rationale,,0.5383951682484901,0.543572044866264,0.5500431406384815,0.542709232096635
VLM-R1 gt_rationale correct,,0.5362381363244176,0.5388265746333045,0.5500431406384815,0.545297670405522
