,0-shot,1-shot,2-shot,4-shot,8-shot
InternVL2_5-4B,0.8585152838427947,0.8436681222707424,0.840174672489083,0.8375545851528384,0.8349344978165939
InternVL2_5-4B gt_rationale,0.8585152838427947,0.8445414847161572,0.8419213973799127,0.8253275109170306,0.8314410480349345
InternVL2_5-4B-MPO,0.8489082969432314,0.8157205240174672,0.8113537117903931,0.8253275109170306,0.8174672489082969
InternVL2_5-4B-MPO correct,,0.8305676855895197,0.8165938864628821,0.8244541484716157,0.8200873362445414
InternVL2_5-4B-MPO gt_rationale,0.8489082969432314,0.8445414847161572,0.7799126637554585,0.8104803493449781,0.7956331877729258
InternVL2_5-4B-MPO gt_rationale correct,,0.8419213973799127,0.7807860262008733,0.8,0.7947598253275109
