,0-shot,1-shot,2-shot,4-shot,8-shot
InternVL2_5-8B,0.6242450388265747,0.6082830025884383,0.6018119068162209,0.6087144089732528,0.600086281276963
InternVL2_5-8B gt_rationale,0.6242450388265747,0.597497842968076,0.5785159620362381,0.5815358067299397,0.5875754961173425
InternVL2_5-8B-MPO,,0.6617773943054357,0.640207075064711,0.640207075064711,
InternVL2_5-8B-MPO correct,,0.6682484900776532,0.6496980155306299,0.6423641069887834,0.6052631578947368
InternVL2_5-8B-MPO gt_rationale,,0.6880931837791199,0.6859361518550474,0.6755823986194995,0.6462467644521139
InternVL2_5-8B-MPO gt_rationale correct,,0.6958584987057809,0.6898188093183779,0.6695427092320967,0.6484037963761864
