,0-shot,1-shot,2-shot,4-shot,8-shot
Llama-3.2-11B-Vision-Instruct,,0.8284581060981656,0.8443232523549826,0.8413485374318295,0.8363906792265742
Llama-3.2-11B-Vision-Instruct gt_rationale,,,,,
LLaVA-CoT,,0.9281110560237976,0.9196826970748636,0.9157164105106594,0.9048091224590976
LLaVA-CoT correct,,0.9216658403569656,0.9201784828953892,0.9226574119980168,0.9058006941001489
LLaVA-CoT gt_rationale,,0.9350520575111552,0.9211700545364404,0.9162121963311848,0.9132374814080316
LLaVA-CoT gt_rationale correct,,0.933068914229053,0.9162121963311848,0.9132374814080316,0.9102627664848786
