,0-shot,1-shot,2-shot,4-shot,8-shot
InternVL2_5-4B,0.5573770491803278,0.542709232096635,,,
InternVL2_5-4B gt_rationale,0.5573770491803278,0.546160483175151,0.546160483175151,0.5431406384814496,0.5483175150992234
InternVL2_5-4B-MPO,0.6449525452976704,0.5711820534943917,0.5530629853321829,0.5569456427955134,0.5875754961173425
InternVL2_5-4B-MPO correct,,0.58541846419327,0.5634167385677308,0.5556514236410699,0.5672993960310613
InternVL2_5-4B-MPO gt_rationale,0.6449525452976704,0.6121656600517688,0.5780845556514237,0.5591026747195859,0.5504745470232959
InternVL2_5-4B-MPO gt_rationale correct,,0.6143226919758412,0.594909404659189,0.5651423641069888,0.5612597066436583
