,0-shot,1-shot,2-shot,4-shot,8-shot
Qwen2.5-VL-7B-Instruct,0.6302847282139775,0.6039689387402933,0.6005176876617774,0.6022433132010354,0.6052631578947368
Qwen2.5-VL-7B-Instruct gt_rationale,,,,,
VL-Rethinker-7B,,0.6807592752372735,0.691544434857636,0.6859361518550474,0.685504745470233
VL-Rethinker-7B correct,,,,,
VL-Rethinker-7B gt_rationale,,0.6712683347713546,0.6773080241587576,0.6833477135461605,0.685504745470233
VL-Rethinker-7B gt_rationale correct,,,,,
