,0-shot,1-shot,2-shot,4-shot,8-shot
Qwen2.5-VL-3B-Instruct,,0.8253275109170306,0.8026200873362446,0.8008733624454148,0.7921397379912664
Qwen2.5-VL-3B-Instruct gt_rationale,,,,,
VLM-R1,,0.8061135371179039,0.7965065502183406,0.7921397379912664,0.7912663755458516
VLM-R1 correct,,0.8034934497816594,0.8017467248908297,0.7947598253275109,0.7807860262008733
VLM-R1 gt_rationale,,0.8113537117903931,0.8069868995633188,0.8078602620087336,0.8052401746724891
VLM-R1 gt_rationale correct,,0.8096069868995633,0.8061135371179039,0.8052401746724891,0.8034934497816594
