,0-shot,1-shot,2-shot,4-shot,8-shot
Llama-3.2-11B-Vision-Instruct,,0.840174672489083,0.8349344978165939,0.8358078602620087,0.8270742358078602
Llama-3.2-11B-Vision-Instruct gt_rationale,,,,,
LLaVA-CoT,,0.8620087336244542,0.8558951965065502,0.845414847161572,0.8323144104803494
LLaVA-CoT correct,,0.8489082969432314,0.8489082969432314,0.8462882096069869,0.8410480349344979
LLaVA-CoT gt_rationale,,0.8541484716157205,0.8471615720524017,0.8497816593886462,0.834061135371179
LLaVA-CoT gt_rationale correct,,0.8489082969432314,0.8471615720524017,0.8602620087336245,0.8445414847161572
