,0-shot,1-shot,2-shot,4-shot,8-shot
Llama-3.2-11B-Vision-Instruct,0.4240724762726488,0.4490940465918895,0.4611734253666954,0.4861949956859361,0.4736842105263157
Llama-3.2-11B-Vision-Instruct gt_rationale,,,,,
LLaVA-CoT,,0.5319240724762726,0.5271786022433133,0.5250215703192407,0.5090595340811044
LLaVA-CoT correct,,0.5565142364106989,0.540120793787748,0.5388265746333045,0.5081967213114754
LLaVA-CoT gt_rationale,,0.5207075064710958,0.5353753235547886,0.542709232096635,0.5263157894736842
LLaVA-CoT gt_rationale correct,,0.5168248490077653,0.5375323554788611,0.5258843830888698,0.5237273511647972
