,0-shot,1-shot,2-shot,4-shot,8-shot
Qwen2.5-VL-3B-Instruct,,0.8200873362445414,0.8026200873362446,0.8096069868995633,0.7816593886462883
Qwen2.5-VL-3B-Instruct gt_rationale,,,,,
VLM-R1,,0.8244541484716157,0.8183406113537118,0.8148471615720524,0.8113537117903931
VLM-R1 correct,,83.58,82.71,81.4,80.87
VLM-R1 gt_rationale,,0.8200873362445414,0.8218340611353712,0.8209606986899564,0.8113537117903931
VLM-R1 gt_rationale correct,,0.8375545851528384,0.8305676855895197,0.8227074235807861,0.8157205240174672
