,0-shot,1-shot,2-shot,4-shot,8-shot
InternVL2_5-4B,,0.9568666336142786,0.9529003470500744,0.9459593455627168,0.9419930589985126
InternVL2_5-4B gt_rationale,,0.962816063460585,0.9657907783837384,0.963807635101636,0.9588497768963808
InternVL2_5-4B-MPO,,0.9048091224590976,0.8968765493306892,0.9201784828953892,0.9112543381259296
InternVL2_5-4B-MPO correct,,0.9028259791769956,0.894893406048587,0.9186911254338126,0.909766980664353
InternVL2_5-4B-MPO gt_rationale,,0.9211700545364404,0.9216658403569656,0.9191869112543382,0.9077838373822508
InternVL2_5-4B-MPO gt_rationale correct,,0.9221616261774912,0.9226574119980168,0.9191869112543382,0.9082796232027764
