,0-shot,1-shot,2-shot,4-shot,8-shot
Qwen2.5-VL-3B-Instruct,0.5176876617773943,0.5133735979292493,0.5133735979292493,0.5077653149266609,0.50862812769629
Qwen2.5-VL-3B-Instruct gt_rationale,,,,,
VLM-R1,,0.5319240724762726,0.5379637618636756,0.543572044866264,0.5289042277825712
VLM-R1 correct,,0.5168248490077653,0.5383951682484901,0.5289042277825712,0.5319240724762726
VLM-R1 gt_rationale,,0.5362381363244176,0.5379637618636756,0.5491803278688525,0.5418464193270061
VLM-R1 gt_rationale correct,,,,,
