,0-shot,1-shot,2-shot,4-shot,8-shot
InternVL2_5-4B,,0.5823986194995686,0.5733390854184642,0.5785159620362381,0.594909404659189
InternVL2_5-4B gt_rationale,,0.5586712683347713,0.5603968938740294,0.5547886108714409,0.5396893874029336
InternVL2_5-4B-MPO,,0.5526315789473685,0.5685936151855048,0.5875754961173425,0.594909404659189
InternVL2_5-4B-MPO correct,,0.5789473684210527,0.5625539257981018,0.5504745470232959,0.5733390854184642
InternVL2_5-4B-MPO gt_rationale,,0.5931837791199309,0.5763589301121657,0.5625539257981018,0.5586712683347713
InternVL2_5-4B-MPO gt_rationale correct,,,,,
