,0-shot,1-shot,2-shot,4-shot,8-shot
Qwen2.5-VL-3B-Instruct,,0.8111056023797719,0.8061477441745166,0.8061477441745166,0.8106098165592464
Qwen2.5-VL-3B-Instruct gt_rationale,,,,,
VLM-R1,,0.8230044620723848,0.8339117501239465,0.8244918195339613,0.8294496777392166
VLM-R1 correct,,0.8215171046108082,0.819533961328706,0.8230044620723848,0.8244918195339613
VLM-R1 gt_rationale,,0.8289538919186912,0.8304412493802678,0.8235002478929102,0.8264749628160635
VLM-R1 gt_rationale correct,,0.8225086762518592,0.8309370352007932,0.8304412493802678,0.820525532969757
