,0-shot,1-shot,2-shot,4-shot,8-shot
InternVL2_5-8B,0.9806643529995042,0.977689638076351,0.9771938522558254,0.9717402082300446,0.9608329201784828
InternVL2_5-8B gt_rationale,0.9806643529995042,0.9781854238968766,0.9757064947942488,0.9732275656916212,0.9643034209221616
InternVL2_5-8B-MPO,,0.9771938522558254,0.9732275656916212,0.9509172037679724,0.9261279127416956
InternVL2_5-8B-MPO correct,,0.978681209717402,0.974714923153198,0.9484382746653446,0.9276152702032722
InternVL2_5-8B-MPO gt_rationale,,0.9801685671789788,0.9781854238968766,0.9752107089737232,0.9464551313832424
InternVL2_5-8B-MPO gt_rationale correct,,0.9821517104610809,0.9816559246405552,0.9662865642042636,0.939514129895885
