,0-shot,1-shot,2-shot,4-shot,8-shot
InternVL2_5-4B,0.9717402082300446,0.962816063460585,0.9643034209221616,0.9593455627169064,0.955379276152702
InternVL2_5-4B gt_rationale,0.9717402082300446,0.9652949925632128,0.9667823500247892,0.9652949925632128,0.9548834903321765
InternVL2_5-4B-MPO,,,,,
InternVL2_5-4B-MPO correct,,0.9424888448190382,0.9365394149727316,0.9474467030242936,0.9563708477937533
InternVL2_5-4B-MPO gt_rationale,,,,,
InternVL2_5-4B-MPO gt_rationale correct,,0.9548834903321765,0.9578582052553296,0.9548834903321765,0.9504214179474468
