,0-shot,1-shot,2-shot,4-shot,8-shot
InternVL2_5-8B,0.6242450388265747,0.5992234685073339,0.597497842968076,0.5845556514236411,0.5742018981880932
InternVL2_5-8B gt_rationale,0.6242450388265747,0.5936151855047455,0.5893011216566005,0.586281276962899,0.58541846419327
InternVL2_5-8B-MPO,,0.6898188093183779,0.6764452113891286,0.6622088006902502,0.6156169111302847
InternVL2_5-8B-MPO correct,,0.691544434857636,0.676876617773943,0.6596203623813632,0.6345987920621226
InternVL2_5-8B-MPO gt_rationale,,0.6893874029335634,0.681190681622088,0.6699741156169111,0.6432269197584124
InternVL2_5-8B-MPO gt_rationale correct,,0.6971527178602244,0.6859361518550474,0.6587575496117343,0.6371872303710094
