"Task&Skill","tot","hit","acc"
"Overall","447","160","35.79418344519016"
"inductive","107","26","24.299065420560748"
"deductive","93","43","46.236559139784944"
"numerical","95","40","42.10526315789473"
"spatial","78","16","20.51282051282051"
"mechanical","74","35","47.2972972972973"
