"Task&Skill","tot","hit","acc"
"Overall","447","362","80.98434004474274"
"inductive","107","78","72.89719626168224"
"deductive","93","86","92.47311827956989"
"numerical","95","89","93.6842105263158"
"spatial","78","44","56.41025641025641"
"mechanical","74","65","87.83783783783784"
