"Task&Skill","tot","hit","acc"
"Overall","447","350","78.29977628635348"
"inductive","107","68","63.55140186915887"
"deductive","93","82","88.17204301075269"
"numerical","95","93","97.89473684210527"
"spatial","78","39","50.0"
"mechanical","74","68","91.8918918918919"
